<?xml version="1.0" encoding="UTF-8"?><metadata>
<idinfo>
<citation>
<citeinfo>
<origin/>
<pubdate>20160101</pubdate>
<title>Parking Violations</title>
<geoform>vector digital data</geoform>
</citeinfo>
</citation>
<descript>
<abstract>Parking citation locations in the District of Columbia.   The Vision Zero data contained in this layer pertain to parking violations issued by the District of Columbias Metropolitan Police Department (MPD) and partner agencies with the authority. For example, the District Department of Transportations (DDOT) traffic control officers write parking violations to prevent congestion through enforcement and control at intersections. Parking violation locations are summarized ticket counts based on time of day, week of year, year, and category of violation.Data was originally downloaded from the District Department of Motor Vehicles eTIMS meter work order management system. Data was exported into DDOT’s SQL server, where the Office of the Chief Technology Officer (OCTO) geocoded citation data to the street segment level. Data was then visualized using the street segment centroid coordinates.</abstract>
<purpose>Data contained in this layer pertains to parking citations issued by parking enforcement of various DC agencies and federal partners.</purpose>
</descript>
<timeperd>
<timeinfo>
<rngdates>
<begdate>20090101</begdate>
<enddate>20150630</enddate>
</rngdates>
</timeinfo>
<current>Parking citations issued from January 2009-June 2015</current>
</timeperd>
<status>
<progress>In work</progress>
<update>Biannually</update>
</status>
<spdom>
<bounding>
<westbc>-77.112316</westbc>
<eastbc>-76.910016</eastbc>
<northbc>38.993587</northbc>
<southbc>38.814499</southbc>
</bounding>
</spdom>
<keywords>
<theme>
<themekt>None</themekt>
<themekey>transportation</themekey>
<themekey>DDOT</themekey>
<themekey>violations</themekey>
<themekey>Vision Zero</themekey>
<themekey>VZ</themekey>
<themekey>feb2016</themekey>
<themekey>odtest</themekey>
<themekey>DPW</themekey>
<themekey>DMV</themekey>
<themekey>dc</themekey>
<themekey>washington dc</themekey>
<themekey>MPD</themekey>
<themekey>police</themekey>
<themekey>enforcement</themekey>
<themekey>parking</themekey>
<themekey>parking violation</themekey>
</theme>
<theme>
<themekt>ISO 19115 Topic Categories</themekt>
<themekey>transportation</themekey>
</theme>
<place>
<placekt>None</placekt>
<placekey>Washington</placekey>
<placekey>DC</placekey>
<placekey>District of Columbia</placekey>
<placekey>D.C.</placekey>
<placekey>District</placekey>
</place>
<temporal>
<tempkt>None</tempkt>
<tempkey>January 2009 - June 2015</tempkey>
</temporal>
</keywords>
<accconst>None</accconst>
<useconst>http://dc.gov/page/terms-and-conditions-use</useconst>
<ptcontac>
<cntinfo>
<cntorgp>
<cntorg>District Department of Transportation</cntorg>
<cntper>Office of Information and Technology Innovation</cntper>
</cntorgp>
<cntpos>GIS Data Manager</cntpos>
<cntaddr>
<addrtype>mailing and physical</addrtype>
<address>55 M Street SE Suite 700</address>
<city>Washington</city>
<state>DC</state>
<postal>20003</postal>
<country>US</country>
</cntaddr>
<cntvoice>202-671-6484</cntvoice>
<cntfax>202-671-0650</cntfax>
<cntemail>ddot.IThelpdesk@dc.gov</cntemail>
<hours>08:45-16:45</hours>
</cntinfo>
</ptcontac>
<ptcontac>
<cntinfo>
<cntorgp>
<cntorg>D.C. Office of the Chief Technology Officer</cntorg>
<cntper>GIS Data Coordinator</cntper>
</cntorgp>
<cntaddr>
<addrtype>mailing and physical</addrtype>
<address>200 I Street SE</address>
<city>Washington</city>
<state>DC</state>
<postal>20003</postal>
<country>US</country>
</cntaddr>
<cntvoice>202-727-2277</cntvoice>
<cntfax>(202) 727-6857</cntfax>
<cntemail>dcgis@dc.gov</cntemail>
<hours>8:30 am - 5 pm</hours>
</cntinfo>
</ptcontac>
<datacred>District Department of Transportation Metropolitan Police Department District Department of Motor Vehicles District Department of Public Works Office of the Chief Technology Officer</datacred>
<native>Microsoft Windows 7 Version 6.1 (Build 7601) Service Pack 1; Esri ArcGIS 10.3.1.4959</native>
</idinfo>
<spdoinfo>
<direct>Vector</direct>
<ptvctinf>
<sdtsterm>
<sdtstype>Entity point</sdtstype>
<ptvctcnt>13535427</ptvctcnt>
</sdtsterm>
</ptvctinf>
</spdoinfo>
<eainfo>
<detailed>
<enttyp>
<enttypl>DDOT_DATA.ParkingViolations</enttypl>
<enttypd>Point Data</enttypd>
<enttypds>ArcGIS</enttypds>
</enttyp>
<attr>
<attrlabl>Violation_Code</attrlabl>
</attr>
<attr>
<attrlabl>ROWID_</attrlabl>
</attr>
<attr>
<attrlabl>Violation_Description</attrlabl>
</attr>
<attr>
<attrlabl>Month_of_Year</attrlabl>
</attr>
<attr>
<attrlabl>Week_of_Year</attrlabl>
</attr>
<attr>
<attrlabl>Day_of_Week</attrlabl>
</attr>
<attr>
<attrlabl>Shape</attrlabl>
<attrdef>Feature geometry.</attrdef>
<attrdefs>Esri</attrdefs>
<attrdomv>
					<udom>Coordinates defining the features.</udom>
				</attrdomv>
</attr>
<attr>
<attrlabl>Location</attrlabl>
<attrdef>The block number, street name, and quadrant of the city the citation was issued at.</attrdef>
<attrdefs>DMV</attrdefs>
</attr>
<attr>
<attrlabl>Rp_Plate_State</attrlabl>
</attr>
<attr>
<attrlabl>Issue_Time</attrlabl>
</attr>
<attr>
<attrlabl>OBJECTID</attrlabl>
<attrdef>Internal feature number.</attrdef>
<attrdefs>Esri</attrdefs>
<attrdomv>
					<udom>Sequential unique whole numbers that are automatically generated.</udom>
				</attrdomv>
</attr>
<attr>
<attrlabl>BODY_STYLE</attrlabl>
</attr>
<attr>
<attrlabl>ADDRESS_ID</attrlabl>
</attr>
<attr>
<attrlabl>Holiday</attrlabl>
<attrdef>Notation whether citation was issued on a District recognized holiday</attrdef>
<attrdefs>DDOT</attrdefs>
</attr>
<attr>
<attrlabl>XCOORD</attrlabl>
</attr>
<attr>
<attrlabl>YCOORD</attrlabl>
</attr>
<attr>
<attrlabl>Ticket_Issue_Date</attrlabl>
</attr>
<attr>
<attrlabl>STREETSEGID</attrlabl>
<attrdef>Street Segment ID</attrdef>
<attrdefs>OCTO</attrdefs>
</attr>
</detailed>
</eainfo>
<metainfo>
<metd>20160212</metd>
<metfrd>20160701</metfrd>
<metc>
<cntinfo>
<cntorgp>
<cntorg>D.C. Office of the Chief Technology Officer</cntorg>
<cntper>GIS Data Coordinator</cntper>
</cntorgp>
<cntaddr>
<addrtype>mailing and physical</addrtype>
<address>200 I Street SE</address>
<city>Washington</city>
<state>DC</state>
<postal>20003</postal>
<country>US</country>
</cntaddr>
<cntvoice>202-727-2277</cntvoice>
<cntfax>(202) 727-6857</cntfax>
<cntemail>dcgis@dc.gov</cntemail>
<hours>8:30 am - 5 pm</hours>
</cntinfo>
</metc>
<metstdn>FGDC Content Standard for Digital Geospatial Metadata</metstdn>
<metstdv>FGDC-STD-001-1998</metstdv>
<mettc>local time</mettc>
<metuc>http://dc.gov/page/terms-and-conditions-use</metuc>
</metainfo>
</metadata>
